phrase;stdDevBinary
urlavano al complotto ed oggi vediamo questa scena di mdf con Ciro ma vedete che vi torna tutto in culo;0.5477225575051662
@Orihuela_CF nononono a tomar x culo todo;0.5477225575051661
@StarsDancer21 No ha la scopa di quidditch in culo;0.5477225575051661
l’abbraccio tra martina e ciro ha già distrutto le supposizioni malate delle coatters sicure che maria sapesse qualcosa di più TUTTO NEL CULO💜;0.5477225575051661
@LegaSalvini Si certo con la catenina della bici… siete un branco di cialtroni pagliacci incompetenti dannosi con il capitone degno rappresentante di questa feccia, potete prendere per il culo solo quei quattro trogloditi che ancora vi votano;0.5345224838248488
@SofiaG4brielly Quanto vorrei che mi sborrassi nel culo 🍆💦💦💦🍑;0.5345224838248488
tutto in culo vi torna 😂🖕🏻 #heleners #zelena #helevier https://t.co/8w6KnIeDEn;0.5345224838248488
@bagnotrash Per carità 🤣 se già non si guarda adesso ancora meno...e chi la regge gatta in calore che muove il culo 5 balletti? Ma una ballerina capace si poteva mettere anziché pescare tra le nullità. Andare coi vecchi rende però 😂;0.5345224838248488
@TennisPuneet Per mettertelo dritto dritto nel culo;0.5345224838248488
"@JohnTuld1 @nmartinelli @luckymia3 @marattin La ""remigrazione"", siete fantastici. Retorica a gogò, la storia vi ha già preso a calci nel culo innumerevoli volte ma a voi piace quella sensazione di delirio onnipotente basato sul nulla. Poveracci.";0.5345224838248488
@HuffPostItalia Ringraziamenti… E come pretendere una serenata da un buco di culo;0.5345224838248488
@LegaSalvini Sese mentre giocate lo buttate al culo al popolo , come sempre la politicahhh;0.5175491695067657
@SFra87 State sempre ha parla de shaila e lollo ma quanto ve brucia er culo;0.5175491695067657
@amocorna In questa posizione oltre la fica c’è anche il culo a disposizione, più cazzi per una Troia;0.5175491695067657
@SissyGandia Come inizio non è male , si inizia con un pompino 💋🍌 x poi passare al 🍑 x farti godere 🍌 e x finire venire sul culo 🍌🍑💦💦💦;0.5175491695067657
#shailenzo state ascoltando Bernardo? ve l ha messa nel culo un altra volta https://t.co/9czVQgk53v;0.5175491695067657
@Latlantista @CarloBolognesi1 Questo è un articolo di Jeffrey Sachs uno dei migliori analisti americani prof ad Harvard e precedentemente alla Columbia, che spiega il colpo di stato e le interferenze della CIA in Ucraina. Ma chi pensate di prendere per il culo bambocci;0.5175491695067657
@Ca_ilmitico @AndyMontany @Nessuno69378233 Tu hai il senso dell'umorismo di un carciofo in culo.;0.5175491695067657
@Erfaina1988 Non sai piu come leccargli il culo;0.5175491695067657
@GieffeVip10 @GrandeFratello Ma sto pezzo di merda quando lo mandate a casa a calci nel culo? #alfonsosignorini #beatriceluzzi. Unica nostra arma è non guardare la puntata!!! Facciamolo uscire presto!!;0.5175491695067657
@USIGRai @FnsiSocial @vditrapani @serenabortone3 @SigfridoRanucci @efjeurope @MediaFreedomEU @Stampa_Estera @RaiNews @francesco_musi @LauraPepeHdz @barbiedifresco @paolopetrecca1 @aless_marchetti @dario_marchetti @GMartelloni @g_sangiuliano @Quirinale @RaiNews @dbendicenti Guarda che si vedeva @FidanzaCarlo Che ti usava come un burattino Infilandoti una mano nel culo;0.5175491695067657
il palo in culo che aveva gianni in questa puntata #uominiedonne;0.5175491695067657
dopo 2 esterne mi piaci e come la sta prendendo per il culo diooo https://t.co/U0QvjlLJea;0.5175491695067657
@sunstateofmind_ Poveraccia poveraccia nana che sa solo allargare le gambe e alzare il culo quello è il lavoro di Sheila Stefania ha paura di te tu devi mangiare tanto pane ma tanto per arrivare al suo livello quello che ha fatto Stefania nella vita e non ci arrivi nemmeno 😂😂😂😂😂;0.5175491695067657
Ora vi direi chiaramente IN CULO a chi diceva che l'intervista poteva essere cringe da settimane, voi siete cringe, baci ❤️;0.5175491695067657
Ai papponi del 'pharma' non voglio dire niente (tra l'altro la farmaceutica non è l'unica che funziona così. Armamenti, infrastrutture ecc sono IDENTICI).. Però ci vuole una bella faccia come il culo a far pubblicare la propria faccia/nome così senza querelare la testata;0.5175491695067657
Del presenziare di Giorgia Meloni all’insediamento di Trump apprezzo il bruciore di culo di Ursula von der Leyen.;0.5175491695067657
MA È PAZZO IN CULO;0.5175491695067657
@Milly90457339 @drinkthiscola E improvvisamente decidi tu cosa sogna helena,vai a fare in culo;0.48795003647426666
@UccellinoMilan Un altro che merita un calcio nel culo per aver convertito un progetto che il Milan aveva bisogno di far crescere a lungo termine nel suo club di amici. Kirovski non manca ai tifosi dei LA Galaxy, tutti lo ricordano come un fiasco.;0.4879500364742666
@AgataMirone @borghi_claudio col culo.scusi;0.4879500364742666
@Sergrobmad @JanJan00287198 @rimmingbubble @GreedyRimmer @HDiscretas @GreatMaleAss @Funny_MXXX @phyllanthus Rico culo uff;0.4879500364742666
Sono arrivata alla conclusione che a Francesca piace essere presa per il culo.. La sua vecchia storia non le ha insegnato proprio niente 🤦🏼‍♀️ #Uominiedonne;0.4879500364742666
Perciò noi tifosi glie la stiamo mettendo nel culo a sti 4 dirigenti di merda???? Godo!;0.4879500364742666
non ho appena letto che maria ama il bruttone per mezzo abbraccio ( a lui statava per cadere la lingua a furia di leccarle il culo);0.4879500364742666
È la terza volta di fila che questa mi dà buca e la seconda che lo fa senza avvisare io non ne posso più di perdere tempo per la gente scema in culo;0.4879500364742666
@linusna_lino @LuxTerna88 @realvarriale @sscnapoli @Atalanta_BC A fine anno come sempre lo prenderete in culo,3 scudetti nella vostra storia di merda e vi credete buoni anche.Basta vedere la monnezza che tifa Napoli che gente è che cervello ha;0.4879500364742666
@gigipodda ma che faccia da culo;0.4879500364742666
#BB26 Com’era? tommaso fa le ronde? 😭 Il karma è un concetto reale ragazz e il karma vi sta tornando piano piano tutto in culo 💋 #tommavi #grandefratello #sg478 https://t.co/iExIl3w4ZS;0.46291004988627577
@Antonio26918875 @GrazieAr In culo a te Alfonso e Javier sono il loro rapporto quello che non saprà mai lo sporco;0.46291004988627577
@TgLa7 Comunista pedofilo. Tu sei il primo migrante da spedire a calci nel culo all’inferno. Cane;0.46291004988627577
dove stanno ora quelle che gridavano al complotto? cristo dio come vi torna sempre tutto su per il culo;0.46291004988627577
madonna gianny che peso in culo porcodio ma fatti i cazzi tuoi;0.46291004988627577
non avete capito semmai dovesse esserci un ripescaggio io faccio la matta rubo i telefoni per votare creo seicento mail e prendo le password degli account dei miei parenti fino al nono grado mi faccio arrestare non lo so ma non la prendo nel culo un'altra volta come lunedì scorso;0.4629100498862757
@simo_damy Un calcio nel.culo si meritano;0.4629100498862757
i like compulsivi di Ilenia ai post che parlano del rientro in casa quanto si sta divertendo a prenderci per il culo #zelena;0.4629100498862757
@chetempochefa pensa quanto vi roderà il culo, e quando vi passa. Idioti. Non sono i nuovi padroni del mondo, sono i vecchi perchè non sono arrivati oggi. Solo che adesso si sono schierati, uno ad uno, dall'altra parte della storia, per rifarla. E voi siete fuori. https://t.co/md9yS7Yx3w;0.4629100498862757
@aidalaverdadera sì ma solo perché alla gente sotto sotto piace essere presa per il culo 🤭;0.4629100498862757
@mauriziolosavio @AzzurraBarbuto @GiorgiaMeloni Ahahahah ora è stata l'Europa a spingere la meloni da Trump? Che facce da culo che avete 🤣🤣🤣🤣🤣🤣;0.4629100498862757
@laura69rey69 Laura gran bel culo stupendo 💦💦💦💦;0.4629100498862757
@blvesocks lo so volevo prenderti per il culo;0.4629100498862757
@TELADOIOLANIUS è tipico dei comunisti fare gli splendidi con l'accoglienza degli immigrati (ma non nel mio giardino) oppure fare i gay con il culo degli altri.;0.4629100498862757
"twitter in mano a musk, zucchina che afferma sia tempo di ""energia maschile"" nelle sue app, tiktok che si china e lecca il culo a trump... letteralmente ognuno dei social principali diventerà una macchina di propaganda di destra e fascista https://t.co/ROIntYKfKh";0.4629100498862757
@Agenzia_Ansa che potete mettervi nel culo;0.4629100498862757
https://t.co/meiz1uyubZ Sempre al top noi. Presa nel culo in tutti i sensi.;0.4629100498862757
Ma quando incontrate poi che non avete il photoshopp per ritoccarvo cazzo e culo? PATETICO;0.4629100498862757
Ciro che si sente la merda nelle mutande e voleva rientrare nelle grazie mariane leccandole il culo mi fa così ridere 💀😂 #uominiedonne;0.4629100498862757
Gianmarco coerente con il percorso fatto e non lecca il culo a martina, al contrario di Ciro che farà la dichiarazione da bimbo minchia recitata male✨✨✨;0.4629100498862757
Gianmarco non le ha leccato il culo e ha fatto bene #uominiedonne;0.4629100498862757
I lecca culo così fake come Ciro non li ho mai sopportati #uominiedonne;0.4629100498862757
@ValeReinstated Non ha sparato merda, mi sa che ti rode solo perché non gli ha leccato il culo…..;0.4629100498862757
@LaStampa Zecche rosse dovete andare a stroncarvelo in culo 🖕;0.37796447300922725
@BrunoVespa Sei talmente stupido da non capire neanche che la Littizzetto prendeva per il culo la Meloni e non vedeva l'ora! Comunque è bello sapere che segui la trasmissione di Fabio per imparare a fare il giornalista vero!;0.37796447300922725
"@Mirkoktm890 @winxinpensione L'unico ""purosangue"" che conosco è quello che ho sotto al culo 😉😂😂😂 voi siete solo una (piccola) manica di cialtroni, ignorati, che nessuno ha mai considerato allora, figuriamoci oggi 🙈😂 https://t.co/lXByPc1FIZ";0.37796447300922725
@Agenzia_Ansa Ennesimo giusto motivo per mandare a fare in culo la UE;0.3535533905932738
@5thstellium @stregheIIa I siti del ministero sono fatti col culo quello delle navi è gia un po piu difficile e fa CV 😂;0.3535533905932738
@Dana75Nera @GrandeFratello Non guardartelo stasera. Ci prendono per il culo per tirare avanti ma devono fallire;0.3535533905932738
@FratellidItalia @GiorgiaMeloni La faccia come il culo, !!! State spolpando il paese, senza ritegno e vergogna !!!;0.3535533905932738
i concorrenti del merdeffe più forti di me perché se anche solo avessero provato con me lì a mettere il culo o i piedi o qualcosa che non siano le mani per cucinare sul piano della cucina sarei uscita fuori di testa;0.3535533905932738
@fratotolo2 @matteosalvinimi Quindi basta scassare il pantografo di un treno locale in un buco di culo tra Padova e Rovigo per mandare in tilt tutta la rete ferroviaria italiana. La vostra fortuna è che non arrivate nemmeno al livello cognitivo necessario a percepire il senso di vergogna.;0.3535533905932738
Come invidio gli americani che hanno come capo di stato un uomo che si è fatto il mazzo lavorando e arricchendosi per decenni e non un raccomando cronico con il culo al caldo solo perché gli hanno accoppato il fratello;0.3535533905932738
@SimonLevyMx Un account probabilmente pagato per scrivere elogi senza fondamento a una politica che ha preso per il culo tutti i suoi elettori. La vergogna fatta account;0.3535533905932738
@Frenko00 Godere per le sconfitte altrui come lo chiami? Se il vostro sfottò è aver perso una finale di coppa UEFA, sfotteteci quanto Ve pare... Che è come se prendessi per culo uno che tromba mentre te stai a fatte le pippette♥️ con Bernabè in prima fila;0.3535533905932738
@NonEvoluto Perché si vogliono salvare il culo provando a rivoluzionare le cagate che hanno fatto , ma ho pauriccia che a fine anno pagheranno anche loro .;0.3535533905932738
@JUVEN_TV @MARCOBjork72 @Bygadino @juventusfc @filoferranti @MikytheDjos @DocRiserva @eman_murra @robinazeta @loredanapapa2 @GiovannaLazza15 @ARappazzo vediamo, fino alla scorsa settimana stavano lì prevalentemente per culo, sabato hanno oggettivamente giocato alla grande: comunque il calcio è bello perché è uno degli sport in cui più spesso vince la sfavorita;0.3535533905932738
@Marta_waifu anche un gran bel.....culo ♥️;0.3535533905932738
@Ilaria47447999 @Beatrice_Luzzi_ Si, eleggeranno Lorenzo primo finalista. Non guardate noi sognamo e loro ci prendono per il culo;0.3535533905932738
@Deborah101718 È una presa per il culo lo fanno per fare in modo che il pubblico sia incollato alla tv;0.3535533905932738
@gigipodda Per me borca maceria puoi anche andare a fare in culo al tuo paese Apu ….;0.3535533905932738
@giulia15584248 ma che c'entra. magari si è presa quelle due settimane per essere sicura al 100% della scelta che stava facendo. stiamo parlando di due settimane poi, mica di due mesi, capirai la presa per il culo... sono persone, mica burattini;0.3535533905932738
@Vittori87874074 Ci prendono pure per il culo!;0.3535533905932738
@lazoth24 @HuffPostItalia Non se trovano più pomate per il bruciore al deretano. Tutti i sx hanno effettuato compere sproporzionate e approvvigionamenti in quantità enormi, hanno il fuoco al culo;0.3535533905932738
@mrsbeacullenSFW Complimenti per il culo è spettacolare;0.3535533905932738
@pietrom79 @Zizzi1952 @dariodangelo91 La ruZZia non ha già più uomini, altrimenti non si vendeva una fetta di culo a ciccio-Kim. E l'economia non arriva alla fine di quest'anno, soprattutto se UA colpisce sul serio raffinerie e terminali petrolio. Aggiungi stop bagnarole dal baltico e per ferragosto ha le pezze al...;0.3535533905932738
beh signorotti miei, se non è un bel #culo questo....💋;0.3535533905932738
Tre anni fa sono arrivata in PS che stavo male perché mi stavo lasciando morire di fame per il trauma. L’infermiera, oltre a farmi una sfuriata perché “ci sono tanti casi di covid tu ci togli tempo”, mi ha pure detto che avevo bisogno della fede. 65€ e un calcio in culo;0.3535533905932738
@Giusepp99416538 @annaparolisi421 Di Silvia frega un cazzo, tanto ormai siete in 3 a negare l'evidenza e palese scomparirà come Micol hahha Ho detto che aveva poco da parlare di Perla e Alessio quando lui stava attaccato al culo di Angelica. Invece di piangere entra e falla stare bene no?;0.0
@DerekBradPhoto @Eurosport_IT ma vai a fare in culo Derek;0.0
@F1REAKS Ma… perché devono fare così dare a Lewis quel che è di Lewis è giusto ma qui non ha merito non ha manco messo il culo sulla Ferrari. Poi quello che ha portato davvero a far rifiorire la passione è Charles diciamolo… chi ora è tifoso Ferrari per Lewis non rimarrà quando se ne va;0.0
@repubblica I potenti hanno sempre le vie di fuga.....ognuno para il culo all altro.......never believe in anyone.........;0.0
@anitablanco3 Povero spara cazzate. La sera in solitudine sputa al riflesso che vede allo specchio. Fottuto opportunista sé fatto eleggere pure nelle liste del PD . Faccia di culo;0.0
@ceciliasala Ma vai a prenderlo nel culo cessa BASTARDA;0.0
@acmilan Andate a fare in culo, avete rovinato tutto.;0.0
@paola_elia94 Idem! Io dovevo andare a fare il quarto anno di liceo fuori, mi son cagata sotto e non l’ho fatto. Col senno di poi mi ci sarei mandata da sola a calci in culo guarda ahahah;0.0
@massimo_macs Senti, parlate sempre di DNA e stai a fare il piangina. Giochi ogni tre giorni perché sei in tutte le competizioni (che mi sembra una cosa buona). Funziona così, e le società fanno le squadre in questa ottica. E se non ne tengono conto, sbagliano. Non è culo, è calendario;0.0
@matteorenzi Il tuo problema caro bomba, è che tutto gira intorno al tuo culo !! È questa la differenza !!!;0.0
@lisameyerildra1 Ma perché ve la prendete sempre con i morti ? Quando invece sono i vivi a farvi il culo;0.0
@lele_Bertea @repubblica Lo dici tu che xe tuo figlio. Sappi che non sono gli ebrei che han decapitato le teste dei bambini e tenuto in ostaggi gente al buio per 18 mesi. Faccia da culo pascola cammelli...;0.0
Mi sbaglierò(ma non credo)la maggior parte delle persone da la cacca e non si lava il culo...schifo unicooooo;0.0
raga mi si sta chiudendo il culo dall'ansia #GIUSTIZIAXHELENA #RIPESCAGGIOHELENA #zelena;0.0
